Year,Productivity_Index,Growth
2022,107.6,2.0872865275142205
2023,108.2456,0.6
2024,107.9208632,-0.3
