Year,Productivity_Index,Growth
2021,105,21.247113163972298
2022,109.095,3.9
2023,109.74957,0.6
2024,109.42032129,-0.3
